{ "nodes": [
{"name":"CL14", "group":0, "size":313859},
{"name":"CL52", "group":1, "size":42027},
{"name":"CL35", "group":2, "size":52477},
{"name":"CL41", "group":3, "size":41074},
{"name":"CL27", "group":4, "size":91943},
{"name":"CL38", "group":5, "size":55148},
{"name":"CL43", "group":6, "size":57547},
{"name":"CL53", "group":7, "size":25578},
{"name":"CL45", "group":8, "size":27478},
{"name":"CL58", "group":9, "size":13384},
{"name":"CL54", "group":10, "size":28363},
{"name":"CL59", "group":11, "size":9858},
{"name":"CL48", "group":12, "size":23529},
{"name":"CL5", "group":13, "size":116950},
{"name":"CL22", "group":14, "size":67070},
{"name":"CL25", "group":15, "size":38776},
{"name":"CL24", "group":16, "size":97118},
{"name":"CL37", "group":17, "size":60027},
{"name":"CL12", "group":18, "size":799098},
{"name":"CL32", "group":19, "size":292662},
{"name":"CL4", "group":20, "size":1760941},
{"name":"CL26", "group":21, "size":55205},
{"name":"CL29", "group":22, "size":72992},
{"name":"CL11", "group":23, "size":59461},
{"name":"CL8", "group":24, "size":58790},
{"name":"CL15", "group":25, "size":695476},
{"name":"CL49", "group":26, "size":36257},
{"name":"CL50", "group":27, "size":23973},
{"name":"CL6", "group":28, "size":80103},
{"name":"CL33", "group":29, "size":84267},
{"name":"CL44", "group":30, "size":83587},
{"name":"CL16", "group":31, "size":117185},
{"name":"CL10", "group":32, "size":297774},
{"name":"CL55", "group":33, "size":32004},
{"name":"CL28", "group":34, "size":105279},
{"name":"CL17", "group":35, "size":161117},
{"name":"CL3", "group":36, "size":165585},
{"name":"CL47", "group":37, "size":9530},
{"name":"CL31", "group":38, "size":104053},
{"name":"CL19", "group":39, "size":158107},
{"name":"CL13", "group":40, "size":81569},
{"name":"CL39", "group":41, "size":98941},
{"name":"CL60", "group":42, "size":10871},
{"name":"CL9", "group":43, "size":131155},
{"name":"CL20", "group":44, "size":35444},
{"name":"CL21", "group":45, "size":29928}],
"links":[
{"source":0,"target":1,"value":2032},
{"source":2,"target":3,"value":132},
{"source":4,"target":5,"value":381},
{"source":6,"target":7,"value":249},
{"source":8,"target":9,"value":59},
{"source":10,"target":11,"value":40},
{"source":12,"target":13,"value":480},
{"source":14,"target":15,"value":39},
{"source":16,"target":17,"value":773},
{"source":18,"target":19,"value":26473},
{"source":18,"target":20,"value":127897},
{"source":21,"target":22,"value":481},
{"source":23,"target":24,"value":189},
{"source":19,"target":20,"value":37352},
{"source":25,"target":19,"value":42841},
{"source":25,"target":20,"value":156870},
{"source":26,"target":27,"value":131},
{"source":13,"target":28,"value":27},
{"source":29,"target":30,"value":442},
{"source":8,"target":27,"value":92},
{"source":31,"target":4,"value":1005},
{"source":31,"target":16,"value":1037},
{"source":32,"target":30,"value":3584},
{"source":0,"target":29,"value":2234},
{"source":21,"target":33,"value":155},
{"source":34,"target":7,"value":233},
{"source":35,"target":6,"value":260},
{"source":36,"target":37,"value":40},
{"source":34,"target":38,"value":2454},
{"source":17,"target":5,"value":483},
{"source":39,"target":1,"value":282},
{"source":40,"target":12,"value":396},
{"source":35,"target":39,"value":1227},
{"source":38,"target":41,"value":364},
{"source":40,"target":28,"value":784},
{"source":18,"target":25,"value":27},
{"source":3,"target":9,"value":111},
{"source":42,"target":43,"value":143},
{"source":22,"target":26,"value":560},
{"source":32,"target":41,"value":2473},
{"source":44,"target":15,"value":115},
{"source":44,"target":14,"value":17},
{"source":23,"target":45,"value":174}]}